,SPY,AAPL,MSFT,AMZN,TSLA,GOOGL,GOOG,FB,NVDA,BRK-B,JPM,JNJ,UNH,HD,PG,V,BAC,MA,PFE,XOM,DIS,CSCO,AVGO,ADBE,CVX,PEP,TMO,KO,ABBV,CMCSA,NFLX,ABT,ACN,COST,CRM,INTC,WFC,VZ,PYPL,WMT,QCOM,MRK,LLY,MCD,T,NKE,DHR,LOW,LIN,TXN,NEE,AMD,UNP,PM,INTU,UPS,HON,MS,MDT,BMY,AMAT,ORCL,SCHW,CVS,RTX,C,GS,AMGN,BLK,BA,CAT,IBM,SBUX,AMT,PLD,GE,ISRG,COP,TGT,ANTM,AXP,DE,MU,SPGI,MMM,NOW,BKNG,F,ADP,ZTS,LRCX,PNC,MDLZ,MO,ADI,GILD,LMT,SYK,GM,TFC,TJX
2021/10/21,0.002608262,0.001473845,0.010897464,0.005841757,0.032571047,0.000825317,0.002566464,0.003227907,0.026647912,-0.002330456,-0.007843509,-0.002320221,0.016525318,0.017837693,-0.007196877,-0.005098916,-0.005521346,-0.001569636,0.001401889,-0.018167549,0.004632033,-0.009074785,0.009344494,0.009946674,-0.012548626,-0.013204414,0.004639975,-0.005125425,0.003228481,-0.012429198,0.044821892,0.014110798,0.003817243,0.015880148,-0.000965213,0.011377991,0.003389225,-0.004103776,-0.058639029,0.005547916,0.006734334,0.0012335,-0.01046283,0.007008147,-0.005789199,0.02354048,-0.012959822,0.010710652,0.000289155,0.009579655,-0.001310832,0.025259923,0.014341444,-0.005153615,0.013706521,0.021355082,0.00393486,-0.003775152,-0.001149524,-0.004477266,-0.004776782,-0.003518169,0.007966666,0.009413103,-0.000763564,-0.018240059,-0.000735583,-0.00319561,0.000874934,-0.008465568,-0.010039665,-0.09563076,0.005094017,0.010867972,0.010598219,-0.026886834,-0.000500244,-0.018810926,0.009450844,0.014998268,-0.011859755,-0.003255368,0.005419771,0.011076797,-0.001644549,0.007678703,0.011303657,0.031795357,0.007791608,0.0111967,-0.017824928,-0.000329005,-0.002156308,-0.004129669,0.010682844,0.001944358,0.005415956,0.009789471,0.012831658,-0.004696299,0.012840564
2021/10/22,-0.001036175,-0.005284887,-0.005148662,-0.028954781,0.017539142,-0.030443417,-0.029104151,-0.050514857,0.001498358,0.008437288,0.013451258,0.001958474,0.015555761,0.003757314,0.010765808,0.004299819,0.015801809,0.006906156,0.006999543,0.006859141,-0.011205779,-0.01041474,0.002450513,0.007703699,0.009486316,0.004963038,0.005835003,0.00184002,0.003493873,0.003516639,0.017790521,0.013354665,0.019215312,0.009974178,0.009488976,-0.116785737,0.006556665,-0.008615796,-0.011553854,0.010421637,-0.010747892,-0.000246415,0.010697807,-0.012261741,-0.010481402,0.00801579,0.008495912,0.00593618,0.00912272,-0.011028838,0.007278427,0.004106242,0.027282994,0.003729799,0.02152673,0.021911327,-0.031712133,0.015157603,0.01183724,-0.003632656,0.01942395,0.020249187,0.015929015,0.007598389,0.002728968,0.012196867,0.016511693,0.001196186,0.012448494,-0.006391691,-0.001890289,-0.003506586,0.000961201,0.019387929,-0.006485456,0.008725187,0.005564833,0.015149639,0.006766052,0.006807453,0.054150064,-0.006473623,-0.016462747,0.011337077,-0.007247952,0.000451668,-0.006859769,-0.016314021,0.014158625,-0.000527248,0.002376633,0.015747683,0.005984095,-0.000207336,-0.002181127,0.003731842,0.003912681,-0.002568299,-0.010957017,0.013526306,-0.008039534
2021/10/25,0.005362786,-0.000336268,-0.003331568,-0.004550953,0.126615946,-0.00086872,0.001067614,0.012568982,0.019361078,0.003526551,-0.004889955,0.002198836,0.000734685,0.014399376,0.000142046,0.011460503,-0.001261275,0.006105731,-0.000231729,0.019486676,0.01528743,0.000544348,0.012921889,0.005267338,0.009308501,-0.004688466,-0.006879546,-0.004040482,-0.005863989,-0.002582049,0.010349204,-0.001104823,0.007490262,0.016826123,0.004648673,-0.001010865,-0.000789621,-0.006612497,0.026955121,0.011594997,0.00235519,0.006284706,0.005333392,-0.004613375,0.005884664,0.004526582,-0.023230567,0.013332181,0.008053483,0.005676367,-0.001539899,0.021198472,0.011322012,-0.003509436,0.019905275,0.00044157,0.000644005,0.001080562,0.00381835,0.0036459,-0.001250625,-0.003664101,-0.007899483,0.001828195,-0.006096212,-0.007566139,0.001037899,-0.007694478,0.010677961,-0.000469578,0.007774796,-0.001876705,0.001396738,0.000456937,0.007638984,0.012013479,0.00606116,0.010565035,0.017270417,0.002815318,-0.025497186,0.035249975,0.018515833,-0.006925764,0.008849545,0.00320389,0.007679766,-0.017199114,0.001469615,0.014435755,-0.008567784,0.002221425,-0.002974218,-0.005599305,0.011770026,0.006395091,0.00461822,-0.009719751,-0.000173137,0.002017377,0.017144597
2021/10/26,0.000900021,0.004574859,0.006425744,0.016775224,-0.006274021,0.013543395,0.006478198,-0.039185874,0.066951573,0.002032648,0.002691009,0.010177971,0.011457458,-0.005548667,0.014199502,-0.008807941,0.009471631,-0.00980984,0.009501755,0.023154571,0.000174401,0.012150918,0.022602293,-0.006909085,0.002195831,0.01224726,0.000970827,0.004425636,0.009124381,-0.005917247,-0.004674915,0.012245249,-0.000280524,-0.009324634,0.004048625,-0.022869867,0.000197599,0.009509347,-0.015716157,-0.008729752,7.59E-05,0.007225012,0.013833911,-0.00387625,-0.010530381,-0.002618446,0.002711454,-0.003235269,0.00028417,-0.016083903,0.013999292,0.004658383,0.001831208,-0.003521876,0.010040468,0.069494884,0.00358561,0.015307603,0.0039657,0.007438114,-0.027695797,-0.009296144,0.002050856,0.007299263,-0.023439189,-0.002541382,0.006895682,0.005057007,0.007396737,-0.01437496,-0.012709595,-0.003995648,0.001830707,0.008293,0.00778769,0.020322836,0.014872423,0.006665059,-0.006222461,0.003865944,-0.007459836,-0.032802199,0.00261782,0.038558659,-0.001315733,-0.017623509,0.012453501,-0.003750038,0.003347484,-0.004727698,-0.00548934,-0.002262626,0.008120638,0.003336742,-0.003545313,0.000886742,-0.118034637,0.000476112,-0.006752067,-0.002013316,0.001072643
2021/10/27,-0.004430171,-0.003147599,0.042114232,0.00486362,0.019078378,0.049595028,0.048366928,-0.011367583,-0.01076186,-0.010555294,-0.02082843,-0.012126683,-0.002551449,0.008450697,-0.007140387,-0.069191667,-0.019182555,-0.060449999,-0.013544523,-0.025972011,-0.014473322,0.006629631,-0.020154803,-0.00376651,-0.01779134,-0.003474608,0.006493003,0.019276659,-0.009955234,-0.024553561,-0.008376767,-0.003277936,-0.006426474,0.007373325,0.000135572,-0.008077871,-0.011455679,-0.008477809,-0.033168714,-0.008201754,-0.005608726,-0.008632169,0.006963431,0.026689776,-0.012219203,-0.008791697,-0.005506145,0.003029372,0.006945149,-0.050157362,-0.005381983,-0.005287574,-0.005566635,-0.013825309,0.007426779,-0.026872113,-0.011909166,-0.015463409,-0.012494984,-0.03004803,0.001212137,-0.009795871,-0.022995364,-0.002604205,0,-0.004812475,-0.015852154,-0.010063199,-0.015361023,-0.01525188,-0.01758162,-0.01541728,-0.0122694,-0.005297253,-0.016207322,-0.033414011,0.000802979,-0.027948287,-0.008464354,-0.005868272,-0.016136968,-0.008559289,-0.010153792,-0.004347628,-0.021519517,-0.017658985,-0.006115333,-0.026976118,0.014396705,-0.004465108,0.008525498,-0.014624918,-0.00723333,-0.012679266,-0.052368193,-0.014174052,-0.002922465,-0.01713155,-0.054209529,-0.02219127,-0.011786434
2021/10/28,0.009648827,0.024991536,0.003651269,0.015941116,0.037750809,-0.002520258,-0.002038541,0.015053527,0.020040138,0.006741269,0.015074765,-0.005435401,0.004322098,-0.002014414,0.005993026,-0.027528056,0.015731264,-0.008012593,0.00488711,0.002806788,0.000766674,0.00106803,0.012349351,-0.001249825,0.009369135,0.006288517,0.012706375,0.009366,0.011715879,-0.010297462,0.016789364,0,0.006411523,0.004525766,0.010943625,0.003967475,0.02617384,0.003230101,0.008044604,0.006235985,0.018978767,0.061442299,0.012711357,0.011411866,0.019553015,0.012996624,-0.002194964,-4.32E-05,-0.003166494,0.004115379,0.016586231,-0.009159267,0.012198187,0.011594802,0.003718604,0.007963786,0.01279436,0.013146208,-0.010040811,0.011329392,0.029206988,0.002082732,0.010351188,0.006016647,0.000336454,0.008107012,0.00931899,0.002856013,0.019852397,0.006001672,0.040585281,0.005352676,-0.002731113,0.002067068,0.019532787,0.013577287,0.018998149,0.009673548,0.00654859,-0.000737908,-0.019210245,0.033911887,0.019636642,0.014937345,0.009144856,0.034508698,0.000691874,0.087040647,0.004460488,0.01595565,0.022271557,0.000657526,0.009273091,-0.061473602,0.011732967,0.008536791,0.0013598,-0.000223345,-0.000368534,0.013966078,0.009913258
2021/10/29,0.002029113,-0.018155584,0.022414028,-0.021511281,0.034316237,0.015063505,0.014654803,0.020983193,0.025099225,-0.009353829,-0.002758919,0.000184192,0.011044251,0.000457467,0.002172784,0.009197542,0,0.007476768,0.012969033,0.002488019,-0.003594916,-0.004800905,0.0039654,0.017331929,0.012110968,-0.000123659,0.020965446,0.005888662,0.045591299,-0.009055831,0.024122854,0.009239603,0.006932,0.002059017,0.004390366,0.019134702,-0.00389407,0.003598528,-0.01790316,0.006534291,-0.004862112,0.017330996,0.005565381,0.000203683,-0.011350259,0.017207726,0.023639844,0.008888561,0.003899958,0.004070318,-0.012612777,-0.007675803,-0.003714457,-0.014900506,0.01719182,-0.00201029,0.000640752,0.002731695,-0.011626967,0.022230022,0.004631543,-0.003013598,0.000487846,0.007447484,-0.003699923,-0.017194814,-0.003543699,-0.000965385,0.008530376,-0.003945188,-0.000391993,-0.005880437,-0.062985797,-0.014125332,-0.011658748,-0.003705085,0.015522679,-0.008782521,0.005421733,0.004084407,-0.004753477,-0.021132482,-0.006898583,0.009903928,-0.006615865,0.014628468,-0.003699935,0.01304858,0.00695255,0.01659848,-0.004205261,-0.009481345,-0.003445388,-0.010542894,0.005972352,-0.036531044,0.002806344,-0.008828779,0.003502924,-0.006573789,0.004447915
2021/11/1,0.001720257,-0.005607475,-0.006784841,-0.016107028,0.084910203,-0.03072693,-0.030326307,0.019810253,0.010169315,-0.002682901,-0.000529746,0.000859497,-0.013811977,-0.014149611,-0.002447766,0.003258225,0.001465034,-0.004381274,-0.002286299,0.017992773,0.006624446,0.002322667,-0.006808725,-0.015622076,0.000349377,-0.002104086,0.003206487,-0.003548031,0.00122092,0.016138329,-0.013240449,0.000388013,-0.009671401,0.000671332,0.010243943,0.011224453,0.010750537,-0.000754937,-0.005632218,0.002476131,0.013304286,-0.002385057,-0.02139267,0.020484587,0.00435478,-0.005738476,-0.006703694,-0.008852995,0.011810685,-5.33E-05,0.003046954,0.041586957,-0.008036407,-0.011846889,-0.027444555,-0.012039201,0.005214559,0.011870026,0.003086956,0.004794476,0.020929395,-0.016260199,-0.001950432,0.015345013,-0.003488603,0.006506607,0.008104546,0.013625102,-0.007663316,0.03646816,0.006715408,0.009432446,0.035165488,0.000461065,-0.001586688,0.012968439,-0.016891441,0.001342469,-0.006547922,-0.014639284,0.002474399,0.048026665,0.023154755,-0.023156792,0.005037001,-0.022615268,0.028465995,0.050936843,-0.010468173,-0.01202586,0.016306733,-0.001848082,0.002798785,-0.001360297,0.008646038,0.011713925,-0.004182829,0.008757011,0.01947458,0.015125233,0.01771264
2021/11/2,0.004043053,0.007116012,0.011415762,-0.00161541,-0.030274921,0.013488074,0.014529758,-0.005757999,0.022224888,0.005904145,0.003945865,0.015764891,-0.00455835,0.002210152,0.009955119,-0.015626459,0.000626987,-0.016674099,0.041475713,-0.012341868,-0.002115286,0.027094498,0.017081795,0.000312421,-0.006111863,0.009177796,0.001732093,-0.001246226,0.014981241,0.007271416,-0.005064833,-0.009539326,0.017392809,0.010409245,0.000627568,0.006256352,-0.007928786,-0.007176594,-0.007869215,-0.000467206,0.003115558,0.013433479,0.030243462,-0.005347528,-0.005518367,0.009018251,0.011528049,0.005523188,0.014242827,0.009974903,-0.001986215,0.019164688,0.004092534,0.006422556,0.015735645,-0.008345167,0.006507083,0.006346189,0.008899653,-0.000852057,0.012185655,0.015787287,-0.001221543,0.00551572,-0.008469816,-0.01450944,0.017158606,0.021307029,0.012411479,-0.008435071,0.008472053,-0.000791906,0.015027232,0.001949627,0.015891675,0.0043302,0.015040972,-0.020914277,0.009072575,-0.019964563,-0.005969823,-0.009616789,0.00084877,-0.004317916,0.013308776,0.006759797,-0.014403345,0.003342546,0.013640001,-0.00655435,0.002583956,-0.002563536,0.007387967,0.002270191,0.016858058,0.003960994,-0.013960663,0.015834576,0.001802099,-0.002017631,0.010052565
2021/11/3,0.006105267,0.009798742,0.002611492,0.021507811,0.035716711,0.008014048,0.006355292,0.010790078,0.007461832,0.002743752,0.000351902,-0.003200672,0.011702491,0.004574084,0.006872175,-0.004972697,0.010233897,0.002892034,-0.013861414,-0.013730315,0.00147206,0.000520703,0.009868331,0.023079275,-0.007203723,0.009585847,0.009698151,0.003386872,0.008924748,0.00588904,0.015596423,0.007751866,0.001659754,0.010744676,-0.000198044,0.010629778,0.013645222,0.007038265,0.004009405,0.003072334,0.024033031,-0.003819309,0.036636179,0.004654048,-0.001981743,0.027825773,-0.007661501,0.00544996,0.002564389,-0.000792193,-0.002107242,0.022721943,-0.004075853,0.007551681,0.007244599,0.017213374,0.007278814,-0.019587263,-0.000989341,0.012450984,0.010905657,0.002920595,0.01907793,0.056939053,0.00990883,0.005830926,-0.014037977,0.01806219,0.004061837,0.002866948,-0.017236347,0.007528937,0.010408273,-0.007252742,0.004216784,-0.006748504,0.003107903,-0.003971002,0.000576292,0.010542608,-0.003233792,-0.034477922,0.006924721,-0.01329203,0.001428823,0.001572927,-0.007539234,0.034425319,0.002575889,-0.005042375,0.012468703,0.012374984,0.015971294,0.018346531,0.004833097,0.022913553,0.015445478,-0.00289756,0.007375424,0.013063743,0.016488335
2021/11/4,0.004712536,-0.003498635,0.007305398,0.02748227,0.013222323,0.011388333,0.012895927,0.012755597,0.12042252,-0.003567466,-0.013135525,-0.002786737,-0.001246295,0.00869989,0.001861457,0.003267574,-0.021500865,0.018213339,-0.013054284,0.007508303,0.001175899,-0.009193514,0.011523485,0.028847072,0.004424373,6.08E-05,-0.004062981,0.005507174,-0.004337829,-0.004154897,-0.028897637,0.003030279,0.012979725,0.026456729,0.017002851,0.005355533,-0.022779929,-0.020589396,-0.00937583,0.007324594,0.127310882,0.020974311,0.017802191,0.012220539,-0.015091447,0.017043464,-0.01563464,0.014852734,0.009408884,0.010148518,-0.005631147,0.053397696,-0.009437926,-0.010661869,0.004511409,-0.009495167,-0.001391332,-0.027482698,-0.004043524,-0.001853143,0.051698858,-0.005408282,-0.022560877,-0.019202808,-0.006879472,-0.028985507,-0.023522335,-0.014670211,0.002458723,-0.001640295,0.000196479,-0.005670583,-0.003996013,-0.005880258,0.001490029,-0.007171872,0.005062428,0.007836096,0.000115239,-0.004757117,-0.000463494,0.022737291,0.013894729,0.016921236,-0.008889841,0.02044585,0.000689817,0.042404783,0.001949069,0.031449814,0.029807262,-0.023460239,-0.004010303,-0.007784715,0.010794194,-0.013944541,0.012524489,-0.006621033,0.047142846,-0.021185225,0.0191437
2021/11/5,0.003469599,0.003582283,-0.001129464,0.0120765,-0.006358244,0.003942179,0.003753004,0.0157213,-0.001644306,0.000660442,-0.001426026,-0.00710822,-0.002079907,-0.010156386,0.004954486,0.037791024,-0.007606186,0.039829494,0.108551934,0.0094705,0.031418876,-0.000875322,0.018774319,-0.016852667,0.010836014,0.010285489,-0.035888528,0.004240254,0.001025109,0.022188559,-0.033931856,-0.03656356,0.004525692,-0.004848532,-0.00256463,0.012124762,-0.003555913,0.007521767,-0.010691449,-0.006940787,0.0443277,-0.098630447,-0.022140256,0.004931724,0.01209686,0.011798894,-0.045459009,-0.009420496,0.001478144,0.011982593,0.009084437,-0.00843639,0.006871895,0.006188614,-0.017085424,-0.011864049,0.016045611,0.000801702,0.018974233,0.003375571,0.021048321,-0.007110733,-0.003683243,-0.007514013,0.035430414,-0.000149286,-0.002426128,-0.005397048,0.001121585,0.053654452,0.011248139,0.022838235,0.042350211,-0.00401519,-0.007979959,0.033551916,0.004486417,0.029191113,-0.023690715,-0.001301431,0.024111729,0.012398472,0.009413065,-0.005315989,0.006588758,-0.01385144,0.07466525,-0.006694132,0.015075835,-0.00477572,0.020109296,-0.002936766,0.002737932,0.013225819,0.019089206,-0.002256645,0.013085028,0.022587644,-0.002046367,0.00831247,0.020934877
2021/11/8,0.000853714,-0.005552593,0.0027674,-0.008528018,-0.048400712,0.001202563,0.0007404,-0.007357927,0.035359057,0.003195717,0.006010028,-0.003426606,0.014940393,0.000515721,-0.007463684,0.017630527,0.007877313,0.002523004,-0.005760106,0.010765954,0.007060241,-0.001226525,5.37E-05,0.004979552,0.003573329,-0.021506103,0.012435079,-0.008972511,-0.009557948,-0.007606645,0.00887388,0.019538506,-0.004152468,-0.018143899,0.008820151,0.01237237,0.008524986,0.001722811,0.016121886,-0.006390175,0.017297476,0.013111138,-0.016867936,-0.0063209,-0.008765001,-0.031885505,0.031737971,-0.003184173,0.016687236,-0.005377422,-0.010990261,0.101364293,0.002595908,-0.014952316,0.000422781,0.005186828,-0.001459802,0.002002573,0.000325213,-0.000672856,-0.00215268,0.002001093,0.006531081,-0.000213229,-0.005154675,0.021794285,0.003095219,-0.01122703,0.011265753,-0.007930206,0.040654726,0.007523678,-0.014968765,0.003347522,0.009407645,-0.002942775,0.001287851,0.006361883,-0.003696852,0.010733106,0.019016384,0.015934635,0.022490388,0.002976335,-0.001430159,0.000390196,0.007976471,0.044582612,-0.009189884,0.004937052,-0.002783391,0.005166553,-0.006103351,-0.002876135,0.00152033,-0.005277453,0.005560592,-0.002208949,0.018455195,0.007466098,-0.018398816
2021/11/9,-0.003305359,0.00245942,-0.003086101,0.025007309,-0.11990296,-0.000754876,-0.000689668,-0.009597779,-0.004772101,-0.008483316,-0.007571254,-0.002210311,0.003739614,0.005588861,0.003035546,-0.032201081,-0.009716891,-0.014356411,-0.021311867,0.009738205,-0.009950781,0.007719253,-0.002057447,0.002852712,0.007381659,0.006649037,-0.009431909,0.002840385,-0.003877263,0.004860677,0.006969035,-0.00291803,0.001471757,0.009725877,-0.000806556,-0.006789495,-0.019264784,-0.001719848,-0.10461163,0.003483512,0.00536626,0.000483736,0.005719076,-0.001778038,-0.006832806,0.011463548,-0.007167752,-0.003747986,0.003229327,-0.008161818,0.004137613,-0.008257895,0.006473222,0.008397061,-0.004014573,0.00315336,0.008948739,-0.003597488,-0.005934,0.000841587,0.021770279,-0.005780972,-0.011018615,-0.010665529,0.003086749,-0.006720221,-0.00732233,0.001608574,0.00091105,-0.008487513,-0.020723465,-0.016680252,-0.008944174,0.004161283,0.002566244,0.026471163,-0.003475506,-0.002370637,0.007223747,0.008274922,-0.001055291,-0.013994279,0.013814443,0.000693207,-0.001156731,-0.001458961,0.003159199,-0.001488754,0.007516738,0.011111103,0.021081334,-0.005428264,0.005817701,-0.006212606,0.00292743,0.002728545,-0.010562276,-0.001378958,-0.016442946,-0.000463177,0.000718015
2021/11/10,-0.008044889,-0.019163182,-0.01532975,-0.026334976,0.043429361,-0.020313123,-0.01757135,-0.023049112,-0.039077577,-0.003596992,-0.000953604,0.010830125,-0.009583318,-0.005584834,0.009835669,0.011947507,0.007465796,0.038560858,0.036363663,-0.019700571,-0.00376908,0.005745142,-0.016188585,-0.030572499,-0.015948232,0.003241397,0.013385503,0.004071506,0.009860706,0.007813953,-0.013841701,0.010994244,-0.007429235,-0.006290385,-0.032417353,-0.008593798,0.00942075,0.006891244,-0.003797093,-0.009012536,-0.04162169,0.015594793,0.010037411,0.001899932,0.009712735,-0.031987249,0.009492224,-0.005814205,-0.005906259,-0.019759889,0.003060944,-0.060770905,0.002240645,0.007579815,-0.01436088,0.00800151,-0.005997202,-0.019456448,0.000981332,-0.001177284,-0.037686359,-0.008034674,0.001861061,0.002156069,-0.00890198,0.003235788,-0.015369435,0.007085197,-0.007799252,-0.010371816,-0.014965919,-0.005213051,-0.003431885,-0.014432754,0.002155663,-0.02093632,-0.012796935,-0.036303668,-0.004350195,-0.012043205,0.008506612,-0.008993639,-0.02883973,-0.016819,0.00601109,-0.029453102,-0.029612538,-0.037773397,0.001919731,-0.016528923,-0.02593621,-0.007872874,0.007872739,-0.000893039,-0.022378394,0.017687048,-0.001596873,-0.014936306,0.011088392,-0.005757783,-0.010332968
2021/11/11,0.000323541,-0.000338041,0.004927421,-0.002742651,-0.004157443,-0.000870511,0.000832029,0.000305139,0.031603274,-0.002348288,-5.96E-05,-0.007365966,-0.005457689,-0.002577344,-0.002860737,-0.023844867,0.00550506,-0.010057619,0.023663807,0.001869374,-0.070736581,-0.017483162,0.012081624,-0.006687285,8.76E-05,-0.008229629,0.007370007,0.000352641,-0.00102783,-0.009414825,0.016493862,-0.004459369,0.004030235,0.013194561,0.011045475,-0.004531118,0.004567108,-0.002851675,-0.012754108,0.000404163,0.028911135,0.000118997,-0.007632707,-0.011733114,-0.001202452,-0.007666637,0.008310506,-0.000989016,-0.002851924,0.008448304,0.001995397,0.043897902,-0.004057291,0.006569201,0.004784942,0.007796202,-0.019520026,0.011353182,-0.023119036,-0.003367549,0.023271345,0.002238152,0.008049555,0.013446644,-0.012530529,0.009676054,0.008067744,-0.007738914,0.006661661,0.004027482,0.008999858,0.000415866,-0.015982318,-0.012324134,0.00094108,-0.017988226,-0.024200901,-0.011780821,0.007715065,0.013484307,-0.000496129,0.009642484,0.015529225,-0.005922382,-0.012114783,0.012430918,-0.035310411,0.009813985,-0.004746549,-0.004109333,0.013074041,0.000925046,-0.004144746,0.003351975,0.012385311,0.001633993,-0.005153528,-0.028185559,0.043023439,-0.007043368,-0.010730828
2021/11/12,0.007546812,0.014336988,0.012905065,0.015161959,-0.028293073,0.019973718,0.019744716,0.040123344,0,0.004707523,-0.004474753,0.011958828,0.003498085,0.013600615,0.001092921,0.007936499,-0.01221316,0.02585092,-0.008967731,-0.007619311,-0.015298228,0.001057116,0.014079776,0.022435737,0.00061316,-0.000245881,0.00597012,-0.002291188,0.002915216,-0.00298171,0.03806376,0.009430221,0.013708067,0.00974265,0.012112954,-0.004353798,0.007313677,-0.002097268,0.031035016,-0.004983149,0.00316269,-0.000237965,-0.008136622,0.00203869,0.000802652,0.012696887,-0.000525435,0.01721763,0.004051713,0.007847273,0.011010858,0.012875864,0.007815081,-0.002526344,0.033153742,-0.000468818,0.006244084,0.009809883,-0.002257939,0.004054739,0.018973387,-0.005316932,0.008722347,-0.002016797,-0.002133594,0.004210845,0.006387657,-0.000803528,0.006099853,0.007202123,0.003548676,-0.010892139,0.002512552,-0.001394676,-0.000671583,0.00551396,0.011801887,0.00304962,0.015663296,0.01472125,0.003254238,0.008005293,0.036887982,0.004075136,0.019144242,0.017887412,-0.011048687,-0.00255744,0.010413453,0.005378106,0.017467732,-0.009679082,0.004962376,0.000445339,0.009229824,0.000741544,0.009437502,0.003492489,0.025558102,-0.011664532,0.008501932
2021/11/15,0.000342446,6.66E-05,-0.00193036,0.005823874,-0.019382273,-0.00152007,-0.001720701,0.019566378,-0.012010574,-0.004615465,-0.001797854,-0.009029738,-0.017843562,-0.004159687,0.005731416,0.000990177,0.002984409,-0.00588724,-0.001608647,0.008618036,-0.00751746,0.007919764,0.004527687,0.003239059,0.022673503,0.00707044,-0.004549419,0.000176629,-0.001111438,-0.00224297,-0.00480504,0.007707327,-0.007488579,0.005259454,-0.003782826,0.000198734,0.002354842,0.001146395,0.02035521,-0.00575255,0.021644196,-0.003690434,-0.004698638,0.00905576,-0.005613589,-0.001419324,-0.015441264,-0.005924209,-0.008931111,-0.004471833,0.011933651,-0.009466454,-0.004042166,0.006331816,-0.001355659,-0.007833385,0.000359737,0.003605414,-0.014500026,0.00319706,-0.003507234,0.005131437,-0.002313999,-0.005637086,0.005514229,-0.006072958,-0.000246999,-0.010637843,-0.018785563,0.054896765,-0.007454473,-0.000756526,0.001342656,-0.042631361,0.009340741,-0.008550928,-0.003859902,0.004975193,0.016575742,-0.005995257,0.006817375,0.006381335,-0.006727151,0.013058078,-0.001905659,-0.012771213,-0.01902388,0.018461531,0.00922357,-0.003643111,0.009352775,0.005942822,0.001114986,0.006233439,0.001461184,-0.004149477,0.005485813,-0.009268275,-0.006782339,0.009250367,0.00755809
2021/11/16,0.00395784,0.006666667,0.010235956,-0.001404521,0.040793737,-0.003880049,-0.002088518,-0.013235143,0.005928404,-0.004601918,-0.007204647,-0.005198132,-0.002617532,0.057265278,-0.001424637,0.01356566,0.000637648,0.022692098,-0.001007111,0.010097776,0.002524832,-0.004714494,0.005302445,0.017128294,0.003937667,-0.002991537,0.014422171,-0.007064594,-0.003594669,-0.004870765,0.011879362,0.011202078,0.007355082,0.01313731,0.005237507,0.005763134,-0.013899821,-0.006488557,0.014726663,-0.025457792,0.078927049,0.00501844,-0.002747326,-0.001897693,-0.005645123,0.017648809,0.019721022,0.041971738,-0.00311375,-0.003752003,-0.004121748,0.040685311,8.27E-05,-0.02401432,0.031334813,0.001654702,-0.004944514,0.004789975,0.003486964,-0.008721926,0.010174667,0.016911366,-0.001342781,-0.006417783,-0.005036338,-0.014547571,-0.0042489,-0.009691391,-0.004500462,-0.031275445,-0.01097691,-0.003449177,0.003218026,-0.005604626,-0.004860103,-0.031124074,0.021382503,-0.001100137,0.011236465,-0.009047266,-0.012068016,0.002381376,0.00039073,0.024146515,0.000327279,0.014621182,-0.010261883,-0.003524644,0.009396737,0.019068755,0.00634654,0.003466405,-0.006046117,-0.016592932,0.014103508,-0.004613009,-0.001613325,0.001565375,-0.005717018,0.004266758,0.002596658
2021/11/17,-0.002429205,0.016490103,0.000678629,0.002344183,0.032501237,0.001156348,-9.39E-05,-0.006385592,-0.031188979,-0.006246432,-0.00538215,0.003749941,-0.001490066,0.006423223,-0.00061143,-0.047030372,-0.012107106,-0.028114486,0.025604849,-0.010919703,-0.00944406,-0.004210594,0.001529673,-0.000536558,-0.00448505,0.000367421,-0.006516129,-0.0055141,0.007988315,0.011483437,0.006240876,-0.017342826,0.004364703,-0.000816359,0.003028404,-0.007508419,-0.010522112,-0.006338864,-0.043585079,-0.008591183,0.009515404,-0.01795271,0.01342539,0.000911025,0,-0.000523804,0.013351359,0.003881024,-0.004474811,0.005569717,0.009197497,-0.00728108,-0.007164118,0.005587214,-0.01656967,-0.018973864,-0.003975198,-0.029893754,-0.001355997,0.005752982,-0.011909275,-0.002928538,-0.004767136,-0.001722425,-0.016310545,-0.013138462,-0.028628869,0.002093617,-0.018346604,0.003631497,-0.011926189,-0.00337668,0.002583919,-0.005829199,0.006088221,-0.01315917,0.000830799,-0.009223543,-0.047261575,-0.001811968,-0.00724075,-0.023452527,-0.017575764,-0.010353547,-0.000163586,-0.011002809,-0.005860614,0.008590059,0.006928831,0.00767555,-0.00572314,-0.014936923,-0.004802337,-0.00067499,-0.003356945,0.00852136,0.004759475,-0.000914964,0.031943779,-0.017623902,0.058273425
2021/11/18,0.003396373,0.028535992,0.006339921,0.041437041,0.00676761,0.012100914,0.011049074,-0.006103784,0.082498928,-0.003409182,-0.008633828,-0.005389573,0.001158192,0.027858648,0.000135887,-0.008436534,-0.004085079,-0.030487009,0.010615312,-0.01088473,-0.011123117,-0.055144398,0.009075814,0.000432462,-0.0084041,0.000306072,0.000517853,-0.008942918,-0.002386009,-0.017681014,-0.013980227,-0.007619339,-0.005365133,0.005852319,-0.016330105,-0.010949617,0.00120388,-0.009472231,-0.027973065,0.008595258,0.015146651,0.005448028,0.000574293,0.003126361,-0.010948864,-0.002270858,0.009623024,0.006714724,-0.00144812,0.020572842,-0.002050588,0.024316162,0.002043792,-0.021797158,-0.009636808,-0.001828297,0.000952385,0,-0.001357968,-0.006729496,0.01769459,-0.007028201,0.003684636,0.028146154,-0.000344964,0.003889336,-0.00045969,-0.00874552,-0.009414453,0.002780006,-0.007685474,-0.011858326,0.003377221,0.005552673,0.001329934,-0.012942395,-0.006142441,0.01042101,-0.006895193,-0.008843814,-0.018929856,0.010155028,0.020673149,-0.003372761,-0.016991072,-0.013271379,0.004056871,-0.015105703,0.004517038,0.01654121,0.008198074,-0.007655903,0.002734471,-0.009230067,0.005613753,0.004891807,0.000263173,-0.009005428,-0.035288636,-0.008970068,-0.006118349
2021/11/19,-0.001788212,0.016976044,0.005391615,-0.00527318,0.037103973,-0.00608655,-0.005019569,0.019516329,0.041357611,-0.002280635,-0.013063484,0.003017273,-0.02106925,0.006997672,-0.002039069,-0.012147746,-0.019861811,-0.024409858,-0.011865408,-0.046219186,-0.010155559,-0.007085646,-0.01059477,0.025947855,-0.022193039,0.002386443,-0.002477993,-0.005053205,-0.007089745,-0.016483475,-0.004721316,-0.006267685,-0.002670011,0.008349515,-0.006006723,-0.003220609,-0.021643323,-0.007416094,-0.034364087,-0.005378666,-0.007084608,-0.028296258,-0.002410647,-0.006036024,-0.010660181,0.020601105,0.004733811,0.008650656,0.003595161,0.008735217,0.008105044,0.0025158,0.004453858,-0.012561467,0.100804519,0.009784472,-0.010013555,-0.007882848,-0.003824186,-0.020494535,-0.054869633,-0.007289249,-0.018967242,-0.022865458,-0.017029148,-0.011473763,-0.010169325,0.010097037,-0.008474507,-0.057733752,-0.004865434,-0.005228875,-0.018777703,0.007800524,-0.002390804,-0.007052769,-0.029370874,-0.042766777,-0.005356104,-0.025053993,-0.015152457,-0.030690782,0.078031711,-0.005647408,0.002573091,0.00019227,-0.01514743,-0.008691211,-0.000168115,0.003946082,0.013683582,-0.007714891,-0.029194732,-0.013860475,0.003774869,0.013276336,-0.001870868,0.015363862,-0.00850317,-0.019880387,-0.028454198
2021/11/22,-0.002815203,0.002927444,-0.009559613,-0.028287235,0.017422067,-0.017622784,-0.019166062,-0.012423916,-0.031196049,0.017786389,0.021315026,-0.01316199,-0.005590894,0.000244736,0.006674811,-0.02628696,0.0193832,-0.054221166,0.007874046,0.013845396,0.001038985,0.025352096,-0.027148575,-0.021500048,0.017871503,0.002075605,-0.00328583,0.006167234,-0.005075688,-0.007705721,-0.028874449,-0.012456587,-0.017550551,0.010978187,-0.014377318,0.006260125,0.03113479,0.01337005,-0.021331568,0.016784896,-0.019459536,0.011648101,-0.000997352,0.006072679,0.023622174,-0.003659671,-0.001273388,0.011341783,-0.007375367,-0.013629861,-0.01075753,-0.018595968,0.010774587,-0.00685842,-0.044356802,0.011560434,-0.001601932,0.024868393,-0.002815286,-0.01366075,-0.016529992,0.006810635,0.021828615,-0.00182488,0.016036553,0.010551773,0.022638621,-0.016255852,0.004787116,-0.019754406,0.009678719,0.003619114,0.006048007,-0.0128362,0.004526695,0.010804328,-0.022744852,0.032753886,-0.024451495,0.010091242,-0.015212641,0.008695642,0.009996397,-0.0068934,0.002399196,-0.028980527,-0.018316364,0.056214553,-0.004581554,-0.00923021,0.003413512,0.024026838,0.007435576,0.013594557,-0.017478844,0.018634425,0.010367865,-0.012856149,0.036569553,0.024406325,-0.016051809
2021/11/23,0.001326002,0.002422056,-0.006326675,0.002090923,-0.041352932,-0.003554342,-0.002185967,-0.011026098,-0.006571596,0.012597804,0.023912301,0.006199158,0.021917959,-0.001027507,0.011096071,0.014878841,0.026361303,0.023965244,-0.002343729,0.026337226,-0.020303612,0.012820525,0.003325517,-0.012485761,0.020981471,0.006701213,-0.001892875,0.007391384,0.027929061,0.010289356,-0.007797352,-0.006226998,-0.007156579,0.010395599,-0.018258937,-0.014649876,0.021056841,0.004074439,-0.007546932,0.007114202,-0.002535746,0.014208757,0.005836235,0.00856077,0.002429088,-0.011994993,-0.000669384,-0.00174362,0.001546764,0.00072727,-0.00057237,-0.017046984,0.014185487,-0.001447946,0.013602768,0.004410056,-0.009810211,0.025573912,-0.030028192,0.007187915,0.009284923,-0.017651403,0.012451224,0.006990015,0.005875513,0.015363943,0.025696679,0.00887882,0.017512731,-0.003668361,0.014576524,0.002747486,0.019111754,0.016962255,0.011133256,0.010292981,-0.014146535,0.0262901,0.018849349,0.010157451,-0.000292426,0.000343663,0.018483257,0.000458404,-0.001113197,-0.029662744,0.019154337,-0.013671816,-0.002871401,-0.003031081,0.022607126,0.024197913,0.007216594,0.005683084,-0.016442037,0.009432541,0.000579759,-0.022128277,-0.015766443,0.012717336,0.01531196
2021/11/24,0.002669817,0.003283556,0.000681151,0.000103315,0.006284745,0.002318534,-0.000269083,0.01129725,0.029232049,-0.004435815,-0.007844063,-0.002800404,0.006776603,0.00915832,-0.005219478,0.023981029,0.002736884,0.033434591,-0.003719703,0.005544091,0.002052556,0.004340033,0.006503066,0.004750788,0.007652617,-0.009137657,0.000379235,-0.008052967,-0.001850561,-0.003074603,0.006467267,0.004739676,0.004629882,0.00819787,-0.007720815,0.013441953,-0.001750976,-0.001739124,0.003509724,0.005006471,-0.001271096,-0.006280296,0.000152728,0.005710932,-0.011712482,-0.000697048,0.006251636,0.002858168,-0.009084062,0.004983424,0.003278643,0.052561399,-0.003112687,0.004238689,0.019936471,-0.015768832,-0.017546265,-0.007264852,0.009349099,-0.011140076,0.002219544,0.006886196,0.002411345,-0.010572382,-0.001374357,-0.011605714,-0.01759608,-0.002737973,-0.005035095,0.007029126,0.00847419,-0.000513722,0.003433698,0.013282435,0.012649044,0.001469466,0.010479368,0.014231626,-0.001685521,0.002667201,0.004448286,0.053195121,0.009366502,0.013025311,-0.010197268,0.019469038,-0.007692767,0.00247521,-0.007495565,-0.00219085,-0.000801473,-0.002199999,-0.001465525,-0.003616652,0.000109643,-0.007928614,-0.004635299,0.002396511,-0.013639978,-0.000317922,0.00747014
2021/11/26,-0.022303114,-0.031678429,-0.02435563,-0.021184684,-0.030537595,-0.026943606,-0.02666007,-0.023280369,-0.035838867,-0.014585082,-0.030126985,-0.006490318,-0.022769675,-0.022833646,-0.008004859,-0.027552306,-0.03926104,-0.046558766,0.061112216,-0.035129168,-0.021342644,-0.015664438,-0.021727795,-0.009306966,-0.022868848,-0.01587884,0.009067901,-0.030669346,-0.018119021,-0.015034705,0.011165348,0.006476364,-0.024201762,-0.006548625,-0.017152615,-0.019694525,-0.056129429,0.002710008,-0.004875276,-0.011191482,-0.027502689,-0.037919173,-0.006221393,-0.027614629,-0.010216544,-0.023309811,0.026879653,-0.019554298,-0.020412504,-0.027582704,-0.012842596,-0.01894807,-0.027615595,-0.01499501,-0.024985481,-0.015206016,-0.018849253,-0.031546701,-0.029622473,-0.004928732,-0.038386695,-0.013357587,-0.047991315,-0.012196491,-0.048055996,-0.026456582,-0.024549663,-0.014119747,-0.031244608,-0.054083566,-0.04027629,-0.007881485,-0.029042709,-0.009831272,-0.029965697,-0.04294248,-0.030021808,-0.044768116,-0.008803615,-0.021822612,-0.086183802,-0.02326971,-0.032362889,-0.019416219,-0.011878627,0.000369608,-0.072127161,-0.024691358,-0.020267084,-0.017251382,-0.028466005,-0.040885758,-0.017449451,-0.007713271,-0.024497246,0.00285431,-0.002503034,-0.045737831,-0.032481114,-0.044681151,-0.029658683
2021/11/29,0.012266598,0.021873656,0.021081086,0.01626738,0.0509002,0.023543672,0.023164261,0.014739444,0.059454705,-0.003426477,-0.004322869,0.003454793,0.027482879,0.010230933,0.010510633,-0.006880853,-0.003715034,-0.003578363,-0.029629601,0.005551023,-0.002025542,0.019937804,0.032474123,0.038347705,0.002969141,0.018617317,0.015702849,0.015819858,0.003261534,0.008414833,-0.002704146,0.01707974,0.034558779,0.016021826,0.044087116,0.025010276,0.015073292,-0.002702684,-0.002928739,-0.015665858,0.045521836,-0.053941419,-0.021277388,0.001160036,-0.013625158,0.011010495,0.007902152,0.003593199,0.000530305,0.032508289,0.029852566,0.045862711,-0.001376196,-0.014997772,0.041609836,-0.003214825,-0.002641578,-0.007147932,-0.006933841,-0.033433572,0.055342371,0.006606737,0.012002488,0.005463287,-0.000722862,-0.007022887,-0.007319175,0.011835521,0.029235586,-0.003564112,-0.014139776,0.023227722,0.000632565,0.015482981,0.022684818,0.0057237,0.016735957,0.009373224,0.010504101,0.00168467,0.006631826,-0.031199503,0.032606172,0.022880765,0.004045074,0.035824833,0.01227057,-0.004050629,0.027349519,0.019286867,0.060064224,0.003898058,0.006473028,-0.005944275,0.029213491,0.005407764,-0.004347511,8.22E-05,-0.005152029,0.016311576,0.018886931
2021/11/30,-0.019457619,0.031577617,-0.017942573,-0.01530224,0.00683385,-0.024963892,-0.025062619,-0.040144388,-0.020973161,-0.019247103,-0.014885547,-0.023912409,-0.017212439,-0.015264724,-0.029794674,-0.012838092,-0.024566717,-0.025045691,0.025381641,-0.028413703,-0.019687462,-0.016499238,-0.018889398,-0.025658577,-0.017239841,-0.026562683,-0.024569583,-0.0315731,-0.013773657,-0.030079552,-0.033050135,-0.01765214,-0.023016777,-0.027933967,-0.039698049,-0.015999985,-0.028071625,-0.026906676,-0.012550769,-0.014022255,-0.017307095,0.000267079,-0.026645248,-0.017355002,-0.044370016,-0.003708664,-0.014945391,-0.016051193,-0.008106248,-0.01034062,-0.021204656,-0.021864051,-0.015952558,-0.016141908,-0.060979436,-0.030639192,-0.026100347,-0.024786625,-0.03246285,-0.018484601,-0.026649906,-0.023671256,-0.033832698,-0.032166911,-0.024355006,-0.020602708,-0.014358174,-0.02255859,-0.025204719,-0.003274528,-0.013117559,-0.011814359,-0.0098438,-0.016707874,-0.016505796,-0.034654509,-0.031068872,-0.027997351,-0.021351771,-0.024001644,-0.035221088,-0.007325638,-0.024843337,-0.019787886,-0.035124568,-0.037335387,-0.03673673,-0.02440262,-0.021237816,-0.006754685,-0.001013882,-0.019315009,-0.028034319,-0.0193192,-0.016102575,-0.02434537,-0.01509918,-0.028213544,-0.033244264,-0.028660333,-0.017970803
2021/12/1,-0.011107235,-0.003206284,-0.001542726,-0.018063539,-0.043467635,-0.005962023,-0.00585458,-0.042717086,-0.03786115,-0.006107927,-0.005918299,0.013788298,0.000270179,0.00365957,0.012588131,-0.018630338,-0.014166886,-0.027435588,0.017681012,-0.000835549,-0.018978607,0.003464584,0.001950558,-0.018571326,-0.006822045,0.002378316,-0.01055575,-0.002859896,0.005465002,-0.018007115,-0.037591531,0.007712494,0.007666553,-0.017686933,-0.117419962,-0.012195168,-0.011929672,-0.009946319,-0.030125978,-0.024816956,-0.023626862,-0.006274207,0.004394499,-0.001717144,-0.026281223,-0.015008291,-0.005969434,0.003066356,0.000471507,-0.003170976,0.012214768,-0.058470637,-0.010142602,0.010821479,0.017767958,-0.021273385,-0.013943865,0.004640397,-0.011527642,0.024613087,0.030436821,-0.010910208,-0.011112555,-0.003143934,-0.023109184,-0.018524337,-0.006622811,0.009654053,-0.004731282,-0.048824884,-0.009723325,-0.00153715,-0.008938305,-0.0134486,0.006301861,-0.020949566,-0.013596854,-0.013261015,-0.01414861,-0.003889508,-0.014707801,-0.011547212,0.013690544,-0.014635888,0.004057883,-0.0743091,-0.016575915,0.020323053,-0.017410868,-0.010718743,0.020122149,-0.007868092,-0.006447208,0.008208274,0.003273171,0,-0.014700569,0.01043824,0.003283263,-0.016186189,-0.020028809
2021/12/2,0.01531634,-0.006129816,-0.001787434,-0.0018468,-0.009497739,0.01357307,0.015241678,-0.000676083,0.021981879,0.014872714,0.021027387,-0.006262686,0.00378087,0.018355665,0.005874321,0.042753415,0.028879172,0.045448732,-0.029992673,0.024920519,0.035525876,0.020352582,-0.004163911,0.022010667,0.027118653,0.009648857,0.002283828,0.014722762,0.008282299,0.04930719,-0.002104422,0.012939966,0.014327705,-0.00817231,0.038568637,0.01851855,0.036009337,0.019288783,0.04366488,-0.012177312,0.007971268,-0.007388593,-0.005017461,0.018920512,0.036887087,0.01979606,-0.011447515,0.020583693,0.021340948,0.009491069,0.008879855,0.010529086,0.029281879,0.011166047,0.012396543,0.029616277,0.022966613,0.037791291,0.017161231,0.008371199,-0.034153048,0.002674022,0.046909761,0.013629186,0.033017084,0.020633412,0.029377383,0.001842605,0.020570126,0.075402531,0.02778499,-0.000171028,0.02540028,0.028152018,0.017930128,0.023978589,0.023098849,0.029768764,0.021257126,-0.009367563,0.044715482,0.026555402,-0.026658878,0.026522077,-0.002752892,0.039695094,0.050759271,0.014811078,0.024507376,0.016070285,-0.046155232,0.032745016,0.015368824,0.005117457,0.002664507,0.01073553,0.006424655,0.034713485,0.050981726,0.034790105,0.0329363
2021/12/3,-0.008701351,-0.011724464,-0.019666699,-0.013839129,-0.064198789,-0.006746373,-0.008735822,-0.011437283,-0.044605667,-0.005947915,-0.018113125,0.014577685,0.010684481,9.81E-05,0.017791732,-0.009934873,-0.02272222,0.005964939,0.023190036,-0.00636422,-0.00665758,0.00142471,0.010263283,-0.082380745,-0.006340071,0.025463901,0.013591865,0.008856251,0.016941821,0.005436843,-0.023261418,0.014721957,-0.010621401,0.006507931,-0.011026052,-0.005050505,-0.023717028,0.01360134,-0.017205457,0.01505865,-0.002937379,-0.007443487,-0.009278695,0.00213022,0.017787417,0.003211633,-0.009871564,-0.006789396,-0.010185148,-0.001033149,-0.006657684,-0.044265984,0.001457808,0.017531877,-0.035945925,0.004152085,-0.00245098,-0.00657497,-0.003821678,0.01642305,-0.004505452,-0.019446602,-0.020594127,0.009778919,-0.006735281,-0.016455149,-0.012411615,0.00631309,-0.020982667,-0.019221263,0.005132424,0.016595336,-0.001615512,0.002704401,0.001554267,-0.02583227,-0.017383607,-0.002104925,0.008431802,-0.011857683,-0.005294409,-0.003935929,-0.015202627,-0.01117208,0.013684964,-0.016458941,-0.026469542,-0.036738874,-0.010927985,0.000627266,-7.56E-05,-0.020411205,0.013454406,0.016431323,0.000885724,-0.001578878,0.009923453,-0.002142277,-0.021468393,-0.031467398,0.00626338
2021/12/6,0.011843316,0.021502787,0.009844873,0.011086255,-0.005872056,0.008123178,0.008953105,0.03594707,-0.021372944,0.01423787,0.011813847,0.022336538,0.024014016,0.019347281,0.015145376,0.032396012,0.006382553,0.034832808,-0.051409635,0.01133195,0.028381848,0.012982389,0.012291283,0.008937032,0.015645426,0.010381831,-0.021788698,0.025588325,0.021034941,0.011008122,0.017537737,0.016887949,0.002241207,0.008072939,0.001664574,0.035329983,0.022198982,-0.006806605,0.005056315,0.01083557,-0.006005312,0.001090787,0.003053995,0.025909403,-0.007672522,-0.007812511,-0.019300803,0.010012426,0.013501673,0.006360511,0.012722967,-0.034372593,0.023416407,0.022488324,-0.004043431,0.006625825,0.013513514,0.010793173,0.031533587,0.009055397,0.010628835,0.007933013,0.024213094,0.019588409,0.032671699,-0.003824058,0.017166087,0.031367273,0.00140714,0.037231091,0.017593507,0.009003764,0.019057918,0.009776769,0.012220303,0.034925103,0.006653559,0.023906532,-0.018580628,0.021822772,0.030396213,0.015090009,0.010168992,0.001557614,0.026710706,0.005594417,0.053366419,0.004179724,0.010048272,-0.001611967,0.009206854,0.011278039,0.019249953,0.011612056,0.001493469,-0.000862538,0.018423636,0.03054241,0.002177208,0.017441868,0.027585187
2021/12/7,0.020684869,0.035446317,0.026763576,0.02798645,0.042358341,0.028741501,0.029486132,0.015540952,0.079568513,0.012758534,0.015047483,0.002577625,0.010041133,0.001154632,-0.002628945,0.023139938,0.012683976,0.018540199,0.004662037,0.011204914,0.002926132,0.019662967,0.044992854,0.044884646,0.014802076,-0.001141704,0.010381675,0.005463472,0.001318491,-0.052913005,0.021038396,-0.000377527,0.025149719,0.016541649,0.031845373,0.030986428,0.029502122,-0.005482708,0.033322534,-0.003237417,0.047135961,-0.01552702,-0.004952711,0.016107004,-0.008591125,0.014090282,0.02101658,0.02281237,0.017290697,0.022712081,0.014133507,0.041636766,0.005730328,-0.010723205,0.043325957,0.016480263,0.004363607,0.032537559,0.018414302,0.005278902,0.064527033,0.012480285,0.011695841,0.003022113,0.014923591,0.006078072,0.027767783,0.012117506,0.027010115,0.01432872,0.015947967,0.013927096,0.025582229,0.026857493,0.017566247,0.016040051,0.051641603,0.024172568,0.010947869,0.018879132,0.03902166,0.019265969,0.040994589,0.030512765,-0.003668137,0.075988644,0.007969362,0.03850155,0.012618489,0.01224378,0.057807537,0.016703342,-0.000162837,0.001350499,0.030818524,0.002158262,-0.002323738,0.024134181,0.028241956,0.018151291,0.020374496
2021/12/8,0.002647918,0.02278309,0.000149253,-3.69E-05,0.016363167,0.00622671,0.004620459,0.024007931,-0.018533874,-0.004386427,-0.011441258,0.005998994,0.008886825,-0.011845819,0.004481006,0.007812173,-0.012301482,0.00833555,-0.006187156,0.002890642,0.016776068,-0.0182507,-0.003116641,0.004830995,0.004494562,0.001744622,0.0150149,-0.003803642,0.002962763,-0.012908467,0.003996291,-0.000377554,0.008590459,-0.021973421,-0.002546885,-0.015598244,-0.016716421,-0.005906601,0.0331379,-0.010104715,-0.005932921,0.01286659,-0.003223015,-0.001269736,0.003899465,-0.006071536,0.015669436,-0.000661763,0.007681865,-0.013264329,-0.000995509,0.002692436,0.000525366,-0.005751683,-0.000356399,-0.003262078,-0.01206855,-0.012195122,0.001336109,0.008226828,0.002549518,-0.012326448,-0.001352855,0.001829314,0.017527324,-0.006995269,-0.006973028,0.010458032,0.003192462,0.01053487,-0.001467079,0.01184401,-8.60E-05,-0.003467993,0.000878873,0.007483274,0.000910445,-0.006168671,-0.024549113,0.011501826,0.011859892,-0.000774879,0.002213575,0.005398989,-0.002888755,0.003647904,0.027692245,-0.007515011,-0.003529999,0.01736818,0.011159085,-0.005951883,-0.008630476,0.000674295,-0.002036031,0.000861423,0.005631315,0.002801846,-0.012189176,-0.013535878,0.002968073
2021/12/9,-0.006751518,-0.002970095,-0.005582575,-0.011279644,-0.060956421,-0.00369803,-0.004131843,-0.002238596,-0.041978305,0.002819638,-0.001555561,0.009492501,0.009512482,0.000218836,0.005838842,0.011483774,0.007472868,0.006367883,0.013229578,0.002562047,-0.002608542,0.009294956,-0.00873313,-0.031434649,-0.002617117,-0.00126115,-0.00169243,-0.002545443,0.018708462,-0.023089482,-0.027194014,0.001208744,-0.008223603,-0.010903338,-0.007472458,-0.024541072,0.005666844,-0.006536049,-0.028376012,0.013909292,-0.002026011,-0.004780761,-0.005812105,0.010632598,-0.009926573,-0.012628452,0.003204863,0.005491952,-0.003211403,-0.015224836,-0.004539372,-0.049160005,-0.001413594,-0.00433861,-0.011217446,0.008890153,0.006596658,-0.006617266,0.003469099,-0.001041667,-0.029499648,-0.001911507,-0.006650164,0.045220184,-0.003930594,-0.005123274,-0.002089039,-0.004495815,-0.00517391,-0.016443166,-0.000293832,0.004470843,-0.007741949,-0.01736451,-0.011791294,-0.00457877,-0.00134974,-0.021049735,-0.008514226,0.008870838,-0.005386805,0.002381885,-0.012671356,-0.011289633,-0.000568001,-0.035535623,-0.01715926,-0.012115082,-0.002229225,0.002351749,-0.020503298,-0.006729678,0.001806847,0.001572296,-0.013851616,0.008463648,0.007388354,-0.002832192,-0.019085223,-0.002342694,-0.004304543
2021/12/10,0.009413471,0.028013287,0.028339845,-0.011247548,0.013179958,0.002458712,0.003841803,-0.000212259,-0.009576855,0.013039583,-0.003988521,-0.002471298,0.010373539,0.009870175,0.013957731,0.009508465,0.000674281,0.015674043,0.013440801,0.006388719,-0.00150383,0.029539521,0.082719142,0.034589065,0.001692881,0.01599425,0.008539085,0.025884035,0.010632291,0.013386358,0.001080152,0.013883603,0.021510273,0.065779164,0.006469398,0.002179093,0.010263678,0.000598109,-0.01689703,0.018267139,0.008888458,-0.00329392,0.005105004,0.010025177,-0.004359228,0.005710835,-0.005606399,0.012512148,0.005660619,0.013443672,0.004115172,0.003258486,0.004893846,0.006033523,0.018692467,0.012443146,0.018495134,-0.021376034,-0.003368422,-0.020507427,0.000524087,0.15613382,0.001859582,0.015928508,0,-0.023012557,-0.013695157,-0.007903316,0.006615263,-0.01204471,-0.003282213,0.004208114,0.011963632,0.005570706,0.009647195,-0.008995238,0.013574646,0.0129565,0.002609846,0.027021866,-0.005892227,-0.009836447,0.007182317,0.012851237,0.006593177,0.007552714,-0.013781029,0.096065462,0.017143551,0.005604767,0.009393886,0.004134937,0.020823008,0.011213314,-0.001361063,-0.00071127,0.003725258,-0.001304916,0.060214697,-0.003857758,0.009592093
2021/12/13,-0.008858317,-0.020674235,-0.009166855,-0.015356042,-0.04977243,-0.014695797,-0.013253712,0.014374497,-0.067454881,0.006175619,-0.011888521,0.017886225,-0.000188186,-0.024458363,0.01421582,-0.011152716,-0.021114075,-0.013174482,0.04585074,-0.021901243,-0.014930351,-0.010801667,-0.015862542,0.005882765,-0.020787554,0.004971275,0.005447394,0.026297078,0.00828884,-0.015273574,-0.011607717,0.011833115,-0.004532979,-0.002863241,-0.001014882,-0.011662387,-0.03266931,0.001793179,-0.011299081,0.018010413,-0.003045451,0.011016126,0.017981484,-0.007095161,-0.017513087,-0.01313144,0.003212829,-0.015839064,0.00056887,-0.014081605,0.0161719,-0.034283651,-0.010947439,0.018103066,-0.013585103,-0.013390096,-0.002764415,-0.012800997,0.003824588,0.047728858,-0.03686237,-0.01695402,-0.017695834,0.000404622,-0.021239575,-0.008730008,-0.016416875,0.002370904,-0.008106706,-0.037354939,-0.010862119,-0.012168543,-0.01002318,0.0126572,0.016598229,-0.039401754,-0.013334897,-0.033610117,-0.016835984,-0.002227358,-0.022331291,-0.019365982,-0.013911571,0.010956936,-0.014229273,0.013817624,-0.038835471,-0.047552467,-0.007223383,0.003931751,-0.029732643,-0.02654295,0.014616124,0.00598799,-0.027040242,0.005124615,0.001942655,-0.000499625,-0.064546718,-0.023404604,-0.021410492
2021/12/14,-0.00688006,-0.008023237,-0.032586911,-0.002807147,-0.008174547,-0.013162949,-0.011819738,-0.00224222,0.006249813,0.017309709,0.007662199,0.010923101,0.002760649,-0.007501673,0.003678581,-0.004928483,0.01262045,-0.013784692,0.006159423,-0.00146033,-0.008841233,-0.014332026,-0.010858022,-0.065988156,0.002934104,-0.002473342,-0.021122748,0.000692537,0.00616551,0.022007965,-0.01086742,-0.022212406,-0.021153212,-0.021320025,-0.038267659,-0.005999985,0.006795676,0.007358822,0.002253451,0.009542349,-0.007309685,0.013612066,0.003420135,-0.002166587,-0.006684495,-0.008631039,-0.033939268,-0.018581806,0.000927609,-0.015369495,-0.018639624,0.013452937,-0.004598367,0.002727109,-0.043753931,-0.012456944,-0.01218756,0.016980566,-0.010366789,0.007789964,0.00428273,-0.009911794,0.017762707,-0.001213375,-0.009842308,0.00764372,0.010867285,0.011116922,-0.016651013,-0.009625096,0.001937885,0.009626369,-0.007355473,-0.009455749,-0.014589062,-0.010952393,-0.035609342,-0.004787258,0.004740149,0.009068909,-0.00275563,-0.008166907,-0.012566655,-0.017792234,0.000801921,-0.047641552,-0.011435201,-0.01860015,-0.022551285,-0.018462701,-0.006232825,0.013251106,0.003482693,0.000881902,-0.012270984,0.008869744,0.000260532,-0.020456104,-0.012345671,0.011379308,-0.002598042
2021/12/15,0.015625017,0.028509156,0.019217877,0.024977592,0.018236618,0.017608656,0.016541368,0.023731089,0.074884432,-0.00152531,-0.007478147,0.004991521,0.03111837,0.013948248,0.003854664,0.011096304,-0.004305516,0.017031333,0.058696404,-0.004387398,0.008718898,0.03738965,0.0405751,0.025160251,-0.005678916,0.012869756,0.037382743,0.004498307,0.023096803,-0.011894966,0.011789475,0.019708044,0.015064982,0.036931002,0.017410745,0.01951705,0.001022688,-0.001974385,0.020663814,0.00572652,0.040114316,0.021296794,0.10385754,0.007618467,-0.005383617,-0.009068924,0.023659391,0.020122006,0.020508177,0.016660525,0.021881609,0.080383432,0.010261183,0.0088121,0.012525739,0.009963673,0.014902274,0.006172846,-0.060435143,0.018484331,0.040140852,0.037641429,0.010025963,0.01791865,-0.00083832,-0.006596268,0.002803344,0.025778957,0.013885468,-0.000358094,0.004513012,-0.005252113,-0.000261518,0.003438095,0.024129036,-0.000325638,0.010419247,0.000424418,0.005822829,0.022168952,-0.00374579,-0.013226164,0.028454815,0.018348439,0.006066836,0.035777707,0.002564767,0.006982609,0.018283114,0.017582297,0.02664857,-0.003671832,0.02208555,0.012334726,0.018436578,0.009784493,-0.003529687,-0.009931303,0.003595875,-0.001534268,0.001645121
2021/12/16,-0.008818522,-0.039263851,-0.029134918,-0.02564121,-0.050277162,-0.013630119,-0.01716788,-0.01978578,-0.068025876,0.018976261,0.01563881,0.010926698,-0.003074598,-0.02030357,0.014163414,0.009702782,0.024123837,0.018969195,0.04166668,0.001632095,-0.010970705,0.006340784,-0.029975338,-0.101914852,0.00934581,0.001457131,0.008402736,0.010161904,0.011902074,0.013698664,-0.023105879,0.003909708,0.067412771,-0.022724015,-0.026611341,0.003157759,0.027789143,0.043521335,-0.010017852,-0.016670151,-0.058801801,0.008234862,0.013658856,0.003893841,0.069463197,-0.007199467,0.011143467,-0.016696447,-0.003954698,-0.026881704,0.002500036,-0.053651881,0.004977384,0.017793576,-0.020896033,0.010691534,-0.000715074,0.008749902,-0.026014894,0.025738261,-0.045294849,-0.004148624,0.028063737,0.006663333,-0.00874989,0.013778187,0.019132598,0.01518815,0.007257561,-0.023742514,0.017872106,0.022906341,-0.009504743,0.018662293,0.004244602,0.004886988,0.008653425,0.014000824,-0.050158443,0.009739398,0.00468445,0.012647566,-0.034672026,-0.004467951,0.014392984,-0.058821709,0.016208391,0.007924707,-0.008849145,0.003145449,-0.03732912,0.018729772,0.013891066,0.030243679,-0.03860075,0.015447247,0.001219392,-0.003013201,-0.003753646,0.010414899,0.005611876
2021/12/17,-0.010642879,-0.006501771,-0.003385676,0.006789258,0.006095482,-0.018830664,-0.01405357,-0.003314379,-0.020643201,-0.021687742,-0.022754278,-0.027628455,-0.01164629,-0.028908938,-0.022655291,-0.011615386,-0.024888865,-0.010228994,-0.028897967,-0.021834776,6.72E-05,0.00248707,0.023007087,-0.016693479,-0.026063108,-0.02048658,-0.015395074,-0.015686308,-0.017073959,-0.001842774,-0.00732585,0.007495067,-0.010883672,-0.009083871,-0.000750642,-0.004131475,-0.046719652,0.00796203,-0.01350995,-0.032021742,-0.007577833,-0.002898185,-0.041642756,-0.01449812,0.002952403,-0.008357919,-0.015950231,-0.020336475,-0.018176004,-0.010306005,-0.013986782,-0.006419499,-0.01812516,-0.009853843,-0.021594436,-0.006635596,-0.021182207,-0.031605241,-0.015458377,-0.009811703,-0.003749169,-0.063941065,-0.011205179,-0.008496351,-0.005078575,-0.025053198,-0.039182645,-0.00035943,-0.008659303,0.009644172,-0.023281773,0.011673161,-0.043665809,-0.002182846,-0.012679984,-0.011671897,0.008579186,-0.04309615,-0.006539733,-0.006207017,-0.018343645,-0.003617738,0.003748938,-0.019273058,-0.019965216,0.010919939,0.021040159,-0.028501224,-0.010524056,0.006443022,-0.003143318,-0.022548133,-0.011112921,0.019007423,-0.014426451,-0.001382914,-0.002029874,-0.000954468,-0.055317684,-0.034978028,0.007485986
2021/12/20,-0.010633405,-0.008122002,-0.01201354,-0.01728352,-0.034989336,-0.000832636,-0.002811576,-0.024985758,-0.00294956,-0.013791522,-0.017989154,-0.002853211,-0.006959238,0.003659938,0.002540289,-0.014819706,-0.016408414,-0.035183654,0.025891071,-0.014492736,-0.015393879,-0.001653933,0.015859346,-0.012341899,0.000440168,0.006654754,-0.002687883,-0.003291159,0.010267928,-0.007179461,0.011947591,-0.015534967,-0.026398146,0.001734834,-0.022614898,-0.020150148,-0.02294061,-0.001504546,-0.018904427,0.003243221,-0.000735322,0.009512501,-0.014733387,0.00011463,0.017241376,-0.027144304,0.002807812,-0.009956069,-0.010514272,-0.011057421,-0.010996261,-0.014156058,-0.008447002,-0.006313495,-0.025214766,-0.02013652,-0.025929678,-0.018119989,-0.010931166,0.002599048,-0.007800201,-0.051542148,-0.027365844,-0.000398574,-0.015192027,-0.021162279,-0.026689373,-0.011280874,-0.017820232,-0.021543939,-0.029348903,-0.002668791,-0.004971011,-0.001434365,0.001302933,-0.015212781,-0.015678745,-0.000145852,-0.018449667,-0.012671343,-0.025748358,-0.02411894,-0.0116868,-0.015610337,-0.012074395,-0.01666587,-0.000773577,-0.01770361,-0.000217964,-0.000213406,-0.012089553,-0.023778122,-0.002770872,-0.002901577,-0.010522564,0.003600639,-0.019526939,-0.013732947,-0.020304549,-0.025214541,-0.020805098
2021/12/21,0.017758992,0.019086925,0.023069003,0.019978575,0.042880666,0.013173805,0.012773701,0.026885849,0.048919504,0.012534115,0.013966396,-0.003219036,0.007194055,0.002747836,-0.000633511,0.031809903,0.023864661,0.040709773,-0.033923299,0.022650442,0.031269214,0.011100029,0.008284736,0.014096804,0.016014075,-0.002951245,-0.006129459,0.003997211,-0.006953965,0.009504124,0.018829779,0.002148507,0.018430272,-0.005705857,0.021601053,0.02358875,0.020490991,-0.005839199,0.03536242,0.003017228,0.016471408,-0.01138598,0.005313473,0.010163159,0.011574951,0.061472859,-0.001177229,0.005537011,0.007780356,0.011560951,0.005670386,0.062223835,0.006565832,0.001938403,0.027190119,0.02306977,0.00910679,0.025165082,0.027805943,-0.004374595,0.044203875,-0.00141857,0.031110587,0.00468502,0.032703956,0.018874439,0.023438611,0.004227431,0.01513448,0.058573901,0.014580941,0.015032297,0.021093593,-0.002190544,-0.00371774,0.034229763,0.048116623,0.030320769,0.004014804,0.015996903,0.032202186,0.032923921,0.105449302,0.022048907,0.001621865,0.042866367,0.071080928,0.009783756,0.011292276,0.014428434,0.033263735,0.022435672,-0.007100937,-0.007067078,0.022338369,-0.00869332,0.009928207,0.034104173,0.013878608,0.026046359,0.022626922
2021/12/22,0.009998715,0.015318769,0.018057391,0.003638106,0.074946953,0.020509191,0.018918971,-0.011220825,0.011177988,0.003989952,0.003908026,0.004305878,0.014203349,0.013240488,0.00988852,0.011978836,0.002036663,0.019216612,0.010178091,0.008099201,0.005494881,0.008192682,0.013864852,0.011586958,0.005715736,0.006215978,0.009855247,0.007097107,0.016160043,0.003479258,0.015407009,0.02750055,0.027488587,0.007773665,0.000989903,0.003939349,0.004601493,-0.000189449,0.01342917,0.00128927,0.010023405,0.008207608,0.006115958,0.002080214,0.012668623,-0.007141586,0.01834861,0.011013043,0.007389802,0.003004762,0.003869609,-0.002564957,0.002766073,0.012201795,0.017051183,0.006470286,0.000842952,0.005420951,-0.003049731,0.010577684,0.005943793,-0.01803087,0.014304541,0.001091384,0.004660605,0.003704907,0.005284968,0.002761183,0.000735542,0.010876093,0.019363604,0.006047909,0.012412749,0.012236754,0.009142368,0.000107481,0.040564208,0.005659339,-0.010587548,0.016618544,0.009694841,-0.008032983,-0.003749531,0.005887521,-0.001619239,0.019973999,0.008213011,0.027026964,0.024444916,0.016537653,0.011931373,0.00126983,0.00792908,0.00021332,0.001220313,0.008212751,0.006954913,0.030559591,0.023544459,0.003851562,-0.001619033
2021/12/23,0.006222078,0.003643813,0.004471759,0.000184208,0.057618925,0.003425205,0.001316823,0.014495318,0.008163245,0.000271684,0.00357366,0.0019056,0.002529699,0.003614378,0.004895799,-0.00614797,0.003161685,0.00867167,-0.014105796,0.000491864,0.011522254,0.012189161,0.014651977,0.010000381,0.002411146,-0.001117859,-0.001534448,0.000687537,0.007875752,0.020395725,-0.000244145,0.001223114,-0.000941344,0.001273514,0.001344922,0.006670593,0.006870744,-0.001705508,0.001721629,-0.002217436,0.007498074,-0.005646012,0.024765501,0.003812221,0.003632026,0.001390206,0.003472235,0.001561872,0.011391106,0.002514317,-0.001101389,0.015707495,0.011321998,0.000215226,0.00641175,0.017990789,0.016745962,0.010579789,0.015393776,-0.000805132,0.020811437,-0.001557965,0.008888362,0.00406339,0.009872747,0.01023491,0.007088175,0.010201754,0.002610971,0.012543997,0.020034643,0.006782311,0.005638132,-0.004001984,-0.00314307,0.009992482,0.004776265,0.001547549,0.01501786,0.003965517,0.010586597,0.006397693,0.045162791,0.0010142,0.013496304,0.007205775,0.007156721,0.005461798,0.018432813,0.003891158,0.010850381,0.004109162,0.001696759,-0.003839597,0.002147602,0.000690364,0.011307263,0.015906104,0.014800249,0.007499133,-0.003378378
2021/12/27,0.014152154,0.02297483,0.023185663,-0.008178076,0.025248305,0.006738455,0.006262613,0.032633346,0.044028403,0.007402707,0.005723109,0.008439811,0.008316838,0.017679474,0.011680169,0.004662588,0.004952752,-0.000748729,0.008346137,0.014257603,-0.005402602,0.018304464,0.01425999,0.01414978,0.020444955,0.009954073,0.017688658,0.007385783,0.009918209,0.008794719,-0.001579625,0.016527737,0.029803312,0.023802125,0.020383931,0.012278254,0.008478078,0,0,0.009104516,0.019645377,0.011091989,0.019443418,0.008610558,-0.003618882,0.011528965,0.020636523,0.014434806,0.012530589,0.02369265,0.006835753,0.056247443,0.009403996,0.006564087,0.026836143,0.013761243,0.00589607,0.010670477,0.014868793,0.003867848,0.046498138,-0.002006187,0.00810528,0.010759096,0.004004668,0.007307797,0.007791398,0.006166517,0.00946475,-0.005141529,0.000872977,0.007578582,0.016463455,0.025184831,0.02559505,0.006595774,0.001758488,0.028374681,0.013981321,0.008360575,0.001218065,0.004381213,0.000105884,0.009203394,0.009887385,0.0226807,-0.003221975,0.027160456,0.017727245,0.016494166,0.03532181,0.015864264,0.008931219,0.001927198,0.016274745,0.005380786,0.0093943,0.008089552,0.009137242,0.011943892,0.007322046
2021/12/28,-0.000817195,-0.005767252,-0.003504197,0.005843737,-0.005000248,-0.008245038,-0.010914222,0.000115572,-0.020132528,0.005460596,0.003034819,0.004007827,0.006886892,0.005271115,0.005371335,0.001929873,0.001344117,0.001304451,-0.020101392,-0.003231552,0.015706766,0.001734474,-0.007830618,-0.01440245,-0.001936218,0.005190409,-0.010313974,0.003921561,-0.000148883,0.000792543,-0.003930671,-0.006998488,-0.000144464,0.002076497,-0.011033647,-0.003465543,-0.00717659,0.000759307,-0.009947338,0.014350699,-0.008103872,0.003134359,-0.007111853,-0.001342027,0.001614216,-0.006922089,-0.012125423,0.001261361,0.001077384,-0.00385733,0.006132255,-0.007838862,0.005162326,0.003420993,-0.004580447,-0.001999014,0.00300349,-0.004282872,0.000957565,0.000963236,-0.018928231,-0.009939749,-0.003728731,0.003613234,0.009150619,-0.000494684,-0.001108193,0.002664681,-0.000812946,0.014569113,0.001162856,0.00767368,0.011819283,0.009553403,-0.000602846,0.007186644,-0.000109655,-0.001229253,0.003614447,0.010206308,0.000121714,-0.002794004,-0.015778862,-0.006274838,0.005319765,-0.013991118,-0.003173968,-0.001923029,-0.000893199,-0.009167963,-0.010091303,0.000497307,0.007478798,0.012609535,-0.006211867,0.001372286,0.009906364,0.001368233,-0.005571995,0.0041054,0.006461108
2021/12/29,0.001279208,0.000502045,0.002051318,-0.008554957,-0.00209471,-0.000218115,0.000385846,-0.009473741,-0.010586345,0.0039223,-0.000504224,0.007044302,0.005249104,0.011373136,0.008290384,0.00055031,-0.001565989,0.001413623,-0.007412455,-0.008753398,-0.0021263,0.006768421,0.005396092,-0.000122958,-0.005145079,0.003539108,0.01121483,0.001188853,0.007217794,0.00158383,-0.000278436,0.005125642,0.000361322,0.005543364,-0.003562355,0.001352464,0.000619632,-0.006828501,-0.000683876,-0.000490209,0.007466668,0.001822671,0.007199004,0.002277084,-0.007252267,0.014180992,0.010364061,0.013975289,0.004683049,-0.001517575,0.00119722,-0.031929478,0.007222257,0.004687859,-0.002693242,-0.000372585,0.00231826,-0.0124037,-0.005548664,-0.000962309,0.008393863,-0.004963319,-0.0063158,0.009049337,-0.001511245,-0.001319664,-0.003637608,0.008105602,-0.013126246,-0.011982735,0.003436292,0.005428645,0.007008718,0.001351917,0.011399961,-0.005351544,0.00200247,-0.002735348,0.013383106,0.007453571,-0.003527792,-0.011607627,0.034753634,-0.00115769,0.004334633,0.000886876,-0.000934254,-0.009633948,0.007883883,0.011381776,0.014872259,0.000348026,0.005453709,0.000422129,0.006537443,0.00918183,0.001469934,0.001181628,0.002101189,0.001362828,0.009228333
2021/12/30,-0.002764529,-0.006578258,-0.007691197,-0.003289025,-0.014592269,-0.00309914,-0.003426529,0.004140616,-0.013832953,0.001736524,-0.000504576,0.004430163,-0.002274603,-0.002190619,-0.008648506,-0.001375088,-0.002240697,-0.000830399,0.01424105,-0.005887173,0.006844435,-0.005315773,-0.011195148,0.002178242,-0.004408619,-0.001734422,0.004104284,-0.002883833,0.004211008,0,0.002538816,-0.001345696,-0.00382757,-0.006798609,0.003103672,-0.001736449,-0.007223989,-0.002100873,0.010054238,0.00322326,-0.018635882,0.002469168,-0.004202332,-0.004767399,0.005681858,-0.007643046,0.005787295,-0.00458125,-0.003097879,-0.00733711,0.008479169,-0.020976668,-0.005935567,-0.000424188,-0.007206498,-0.003261939,-0.002023795,0.000709001,0.005002446,0.003692386,-0.018635856,-0.002267284,-0.005649667,-0.000192832,-0.001047809,-0.001816991,-0.001760806,-0.004964872,0.00444097,-0.004664622,-0.006029036,0.004199457,-0.001202951,0.007823351,0.001729536,-0.000949509,-0.005393274,-0.008776641,0.017506167,-0.001111937,0.002014308,-0.007630723,-0.023708027,-0.008576498,-0.004315925,-6.12E-05,0.004713417,-0.004377439,-0.009878622,-0.007569911,-0.011585804,-0.00119262,-0.004089734,-0.003164589,-0.004216075,-0.003802265,-0.001947674,0.001017046,0.015726045,-0.004763504,0.00092764
2021/12/31,-0.002520187,-0.003535295,-0.008841212,-0.01142931,-0.012668813,-0.009223625,-0.009061475,-0.023260482,-0.00591496,-0.003266921,-0.000820204,-0.007196276,-0.004539734,0.012367681,0.004976332,-0.005324223,-0.000898206,-0.004626096,0.011130098,0.006579992,-0.006669617,-0.003929637,0.000496115,-0.006082119,-0.000681273,0.006023099,0.002689876,0.007315419,-0.003899139,-0.005139309,-0.015765695,-0.001843921,0.001739849,0.006721,-0.004699788,-0.00463861,-0.00249478,-0.005550259,-0.017198264,0.010616779,0.000766154,-0.006481722,-0.003715054,0.003218502,-0.007263895,-0.004895858,0.001644012,0.008151629,0.006098819,-0.004962792,0.006359858,-0.008611781,0.009577621,0.007850603,-0.000217693,0.002057047,0.006759663,-0.006477726,-0.009763609,-0.002719109,-0.003924517,-0.009089919,-0.004498164,-0.0050154,0.003030239,-0.000661938,-0.007703884,-0.006623394,0.001969869,-0.006857083,0.003202657,-0.001866925,0.006280139,0.004671242,0.00232184,-0.002428677,-0.011010185,0.001387326,-0.002026654,-0.007727679,-0.00341128,0.002514446,-0.006823749,0.00308192,-5.63E-05,-0.008295892,0.00138154,0.01465565,0.004153788,-0.004609255,0.001141547,-0.002388087,0.008517073,0.00296295,0.005664295,-0.010223555,0.005175681,-0.012080199,0.00860141,0.000854688,0.005163503
2022/1/3,0.005789961,0.02500415,-0.004668195,0.02211832,0.135316713,0.000963065,0.002730139,0.006511082,0.02414065,0.005986651,0.021155525,0.002747331,0.000278775,-0.015349016,-0.004157036,0.021780194,0.037986032,0.032366656,-0.040643484,0.038405006,0.012073053,-0.003313826,-0.003140869,-0.00474377,0.016276129,-0.004202469,-0.033451243,0.001520016,0.000147795,0.008146274,-0.008415788,-0.012079162,-0.017705935,-0.001743862,0.005233549,0.033203866,0.057315549,0.009237864,0.033725743,-0.000276512,0.018264405,0.003001088,-0.016255124,0.001902411,0.033739795,-0.01199976,-0.040272331,-0.011490314,-0.022486442,0.011301559,-0.01820905,0.044058456,-0.016512478,0.007684246,-0.018267396,-0.00391899,-0.008201005,0.020680508,0.025616255,-0.00753807,0.016331927,0.007911941,0.019738451,0.009693679,0.010574061,0.044874965,0.033407396,0.007645469,-0.004183251,0.032485561,0.001257592,0.017806296,-0.002479276,-0.02092306,-0.02055124,0.018736071,0.001948267,0.022028212,0.002203571,0.002847601,0.028178521,0.021056229,0.027911953,-0.022948291,0.000619268,-0.029224586,0.025920792,0.048146364,-0.010422611,-0.040978568,0.008774244,0.038400185,-0.005127377,0.012238908,0.00785111,-0.000413149,-0.002954386,0.003739436,0.043322481,0.031596965,-0.004873487
2022/1/4,-0.000334939,-0.012691597,-0.017147096,-0.016915676,-0.041832721,-0.004083028,-0.00453557,-0.005937289,-0.027588718,0.025732205,0.03790981,-0.002681541,-0.022656695,0.01027795,0.003499124,0.004651646,0.039194486,0.011969247,-0.037422819,0.037614091,-0.006570546,-0.024526213,0.01145748,-0.018374462,0.018195523,0.001445254,-0.041741586,0.016694801,-0.001919912,-0.005941831,-0.010412258,-0.023518251,-0.007146167,-0.004376209,-0.028301929,-0.001315536,0.039818657,0.019641574,-0.019493193,-0.018320042,0.005477627,0.001821249,-0.018106257,-0.000260544,0.008257983,0.01044514,-0.026919178,0.016829099,0.018219887,0.001049302,-0.010691723,-0.038738067,0.017193342,0.006372015,-0.020824352,0.017751725,0.010638283,0.040622813,0.002733279,0.004040098,-0.009816746,0.010693912,0.048973844,0.001248053,0.035069511,0.007765478,0.03073388,0.00507298,0.006021509,0.027759089,0.053526579,0.014554624,-0.020911917,-0.012605684,-0.023650661,0.032522911,-0.014916653,0.043378131,0.009571034,-0.01439137,0.032102688,0.060495342,0.006161842,-0.002775968,0.014009172,-0.04157808,0.00142601,0.116674274,0.004671937,-0.038072058,-0.018553775,0.036836006,0.00727597,0.022097093,-0.009031843,-0.005097861,0.02153179,0.034833377,0.074709822,0.032284717,0.015486408
2022/1/5,-0.019202142,-0.026599882,-0.038387905,-0.018893056,-0.053471214,-0.045876194,-0.046829831,-0.036727737,-0.057562259,0.004505282,-0.018282102,0.006663546,-0.002464843,-0.013564592,0.004526858,-0.011058198,-0.016878544,-0.00396926,0.020172425,0.012437429,-0.003467497,-0.015836755,-0.041614475,-0.071426006,0.006505813,0.003405944,0.000841456,0.008293249,0.005252956,0.00059778,-0.039972941,-0.004492954,-0.017610697,-0.025361994,-0.082826403,0.013737289,-0.008720362,0.010286085,-0.020822412,0.013521114,-0.003898925,0.024282497,-0.023087604,-0.004916045,0.022230855,-0.024881299,-0.006379034,-0.019475762,0.004640254,-0.020859516,-0.010476367,-0.057263567,0.003015492,-0.004048157,-0.039817635,-0.012563835,0.009856448,-0.024745845,-0.003571738,0.000482797,-0.029174003,-0.026789669,-0.007225451,0.014574711,-0.004998855,-0.011637076,-0.021718872,-0.011850408,-0.027746835,-0.002621343,0.007657732,0.001449043,-0.033263266,-0.064363201,-0.020807491,0,-0.035755555,-0.017149535,-0.022675824,0.000109103,-0.01065615,0.002046862,-0.020136962,-0.008829537,-0.004105811,-0.051627633,-0.020945781,-0.026737953,-0.008525378,-0.038024155,-0.028356745,-0.016211971,0.014447054,-0.007954301,-0.015437235,-0.000415438,-0.010635586,-0.019872518,-0.04563426,-0.01090618,-0.020594393
2022/1/6,-0.000939413,-0.016693335,-0.00790189,-0.006710945,-0.021523402,-0.000199619,-0.000744641,0.025572933,0.020794052,0.010647869,0.010624041,-0.003425829,-0.040923867,-0.003634173,-0.008403902,-0.001136364,0.020135667,-0.009131982,-0.014200987,0.023520595,0.011018696,0.01061711,-0.009284558,-0.000602604,0.008509253,0.000230084,0.003039521,-0.005264019,-0.004710354,0.005774534,-0.025074078,-0.00014796,-0.048290447,-0.000218205,0.006500618,0.002598838,0.025626317,-0.004813029,0.027302845,-0.002779279,-0.002949078,-0.000633816,-0.005064291,0.009356638,-0.00381529,-0.007457668,-0.00452006,0.011933301,-0.024248705,-0.000321233,-0.04413247,0.000587601,0.002769145,0.015216329,-0.0123126,0.009694267,-0.001137071,0.017112489,-0.009810404,-0.00227198,0.016911609,0.002321766,0.016011649,-0.030431918,0.005470558,0.032776535,-0.004264637,0.000133245,0.004171446,-0.008119449,0.010193427,-0.020836383,0.006338255,0.001209537,-0.006850534,0.005836713,-0.022722677,0.037541259,0.010880038,-0.040962832,0.009163646,0.011584458,0.013241525,-0.008337762,-0.008301328,0.002234737,0.006907521,0.033812309,-0.006870724,0.003971189,0.014599349,0.038514106,-0.000445133,0.011718744,0.003182151,-0.008174064,-0.000390949,-0.002754821,0.002072,0.037457458,0.004391826
2022/1/7,-0.003953511,0.000988361,0.000509761,-0.004287797,-0.035446597,-0.005303132,-0.003973047,-0.002015229,-0.033039952,0.020943738,0.009908164,0.013517404,-0.023528134,-0.029943869,-0.000552701,-0.012696215,0.021815899,-0.000945962,0.016046701,0.008196686,0.005927393,0.003447191,-0.028067758,-0.00665211,0.014359862,0.001265393,-0.021486165,-0.002315187,-0.00258818,-0.00910709,-0.022104106,0.003107846,-0.01917984,-0.024772636,-0.003665705,-0.010553596,0.021256747,0.021084389,-0.024288751,0.009545674,-0.029792919,0.018647738,0.000655587,-0.009751955,0.027354465,-0.025273176,-0.0271453,-0.025990194,-0.005118224,-0.039194647,0.007461899,-0.031050399,0.005088932,0.017759939,-0.030988072,0.007016268,0.023384843,0.006091712,0.001810064,0.021958398,-0.035371619,0.013551145,0.011020498,0.015596122,0.004219464,0.013403098,0.001461258,0.009415087,-0.003595764,0.019683939,0.009910342,-0.003768247,-0.032121646,0.0063799,-0.018138925,0.0145073,-0.029594782,0.027392045,-0.002463831,-0.0101491,0.008559925,0.006084623,-0.012545787,-0.01152755,0.010955039,-0.013326534,0.001897187,-0.000817602,-0.010563831,-0.029114166,-0.046473189,0.014326475,0.00252309,0.011379829,-0.026241439,-0.004609502,0.005977695,-0.029208076,-0.009543478,0.015942489,-0.014442877
2022/1/10,-0.001244366,0.000116189,0.000732329,-0.006570157,0.030342015,0.012060476,0.011455789,-0.011211915,0.005615293,-0.002658097,0.000957189,-0.004943953,0.013955503,-0.015624588,-0.013641398,-0.022999656,-0.005083367,-0.015528176,0.009332384,-0.005952324,-0.007793168,0.011287398,0.003246303,0.029626012,0.000639861,0.000516983,0.029601151,0.001657525,0.011195134,0.009390634,-0.002236391,-0.002213077,0.006068751,-0.032414497,0.005781645,0.033121267,0.010589703,-0.006821584,-0.024786828,-0.001932492,-0.0040464,0.025778326,0.002350618,-0.009922841,0.006466267,-0.041600298,0.024892566,-0.013540937,-0.002527674,0.019616608,-0.024534228,0,-0.017662297,0.011498884,0.00463388,-0.029473817,-0.010614106,0.000768805,0.004374278,0.036129183,-0.008089657,0.020226221,-0.000980993,0.008350083,-0.007850498,0.003800547,0.004176005,0.013550979,-0.021215543,-0.028723909,-0.011374294,0.001483327,-0.014316268,-0.008140082,-0.004618432,-0.01952666,0.003823708,0.004836302,-0.014559323,0.006528877,-0.003670142,0.003195541,-0.005929037,-0.025428059,-0.014114995,0.00990481,-0.003359995,-0.024140759,-0.024912063,0.007153393,-0.007470603,-0.00572118,-0.007698064,0.015471176,0.009239502,0.011647406,0.00863549,0.001062332,-0.019270929,0.004461553,-0.025410049
2022/1/11,0.009108269,0.016783782,0.002259274,0.024002087,0.005935082,0.007690977,0.010416859,0.019203181,0.015219027,0.002727856,0.001016006,-0.010630287,0.008602151,-0.002038863,-0.011587345,0.011369551,0.005722436,0.006540092,0.008001368,0.042062176,0.008237505,0.008896785,0.001432827,0.007721122,0.022859888,-0.000459332,-0.0072635,0.000330969,0.004252568,0.012272346,0.001833938,0.003253053,0.00565678,0.006225986,0.022688635,0.012678877,0.012827514,-0.005197676,0.046843441,-0.002835237,0.03183438,-0.008498295,0.00849649,-0.008660824,-0.004535107,-0.000930599,0.007589967,0.007307512,0.002981248,0.009182295,0.005931902,0.040227254,-0.015422729,0.007080166,0.01495987,-0.002172538,0.013351404,0.01719006,0.021492109,0.005837249,0.01911893,-0.008960522,0.024659052,0.009328035,0.011033075,0.01635623,0.009720105,0.008725137,0.017003659,0.032057746,-0.007624988,-0.015996472,-0.018768253,-0.014825511,-0.000196045,0.02383829,0.007649035,0.031593207,0.000571651,0.036315522,0.009439388,0.001816465,0.00330171,0.012930876,0.008849513,0.011258746,0.017729979,0.02096436,0.010262353,0.000940719,0.013427937,0.006248582,0.00343135,-0.020973513,0.018955464,0.003884123,0.002450144,0.016372967,0.006386104,0.005667066,0.023727428
2022/1/12,0.002703542,0.002570236,0.010445038,-0.000937367,0.039289689,0.012126487,0.011644924,-0.003319632,0.006542678,0.001844987,0.005671962,-0.008525587,0.010063968,0.007060233,0.002205917,0.006203945,-0.007112345,0.002784649,-0.000705541,-0.002943225,-0.000569994,-0.004008337,-8.04E-05,0.00468018,-0.005001167,-0.001091404,0.007574556,0.001488836,0.00233615,-0.003715265,-0.006693395,-0.014590988,0.008152078,0.007221727,0.012732096,-0.003040568,0.006064933,-0.002612416,-0.022556429,-0.00527042,0.005501641,-0.005754882,-0.024397716,-0.004577986,0.004176181,0.012707942,0.003438962,0.004889784,0.014445846,0.00752816,0.003538099,0.001165273,0.002353713,0.004455932,-0.002522742,-0.000236678,0.008968621,-0.027095876,0.009824799,-0.010079469,0.046572688,-0.001921404,0.009690086,-0.002451925,0.003858008,0.002533127,-0.031608958,-0.002668088,-0.003467746,0.006619723,0.011138881,0.00541884,-0.001633969,-0.004222717,0.001634094,0.004420836,-0.014816126,0.009690217,-0.013535495,-0.004187566,-0.005188754,-0.011299403,0.009660336,0.015464168,0.002458389,-0.008730357,-0.013492976,0.004928087,-0.00276264,4.70E-05,0.019473842,0.004869555,0.001635454,0.000202145,0.000691097,-0.001658184,-0.007799272,-0.000522112,-0.006996426,0.010204053,-0.010780157
2022/1/13,-0.013778588,-0.019028066,-0.042322562,-0.024169637,-0.067491018,-0.020105322,-0.017769345,-0.020344472,-0.050858926,0.002715425,-0.001246775,-0.00606631,-0.013277904,-0.006214645,-0.004528025,-0.003291487,-0.002046711,0.006016693,-0.019594008,-0.007168993,-0.014955644,-0.009980666,-0.039887456,-0.029058683,-0.004162403,0.001610114,-0.038883553,0.005946492,-0.01736816,0.006476899,-0.03354298,-0.027016931,-0.041941746,-0.016964593,-0.03868308,-0.014352405,-0.007092225,0.001309629,-0.033066253,0.01415225,-0.013571499,0.001477866,-0.024421694,0.001877933,0.013232456,-0.017213128,-0.046772038,-7.98E-05,-0.023088882,-0.010105923,-0.002232869,-0.034407476,0.002510102,0.00650627,-0.042164755,-0.0035508,0.00540661,-0.004852013,-0.001560332,-0.003394033,-0.014854342,-0.00588831,-0.015186695,-0.0041596,0.005380453,0.007431629,0.001255387,-0.003926426,-0.019805412,0.029661978,0.020683481,0.008758127,-0.014152317,-0.015228081,-0.00058739,0.002151812,-0.030789739,-0.009241692,0.006058719,-0.011066109,-0.006763386,0.011003361,0.005362235,-0.025835136,0.008917658,-0.090915439,0.009392013,0.022476549,-0.011507532,-0.027301337,0.000655689,0.006757668,0.004007669,0.016568997,-0.022848928,-0.005121145,0.010739012,-0.00052227,0.012125212,0.006633421,-0.010897739
2022/1/14,0.000409021,0.005110662,0.017716616,0.005731506,0.017497698,0.006447256,0.004711338,0.01660127,0.013810022,0.008933559,-0.061463452,-0.005451518,0.002695612,-0.038710038,0.009602655,-0.001534892,-0.017432291,0.007090349,-0.010622977,0.017556358,-0.022516726,-0.002276413,-0.00137311,0.007157963,0.017034729,0.008382172,-0.010135011,0.008045942,0.01760029,0.007800342,0.012499981,-0.011492405,-0.022165675,-0.026872803,0.011372046,0.013833312,0.036785739,-0.004484336,-0.014308582,-0.002818476,0.026102578,0.000737796,-0.022229355,-0.014154057,0.014179145,-0.009425788,0.004314363,-0.029118481,-0.014336699,0.015530821,-0.020023611,0.031188784,-0.005451865,0.012536717,-0.003852284,-0.018672532,-0.008111921,-0.035787476,-0.00211432,0.005108388,0.062476192,-0.001139065,0.023024219,0.008353948,0.008409833,-0.01254055,-0.02523026,0.019536471,-0.021876992,0.009200593,0.008546266,-0.004081239,-0.022265613,-0.01886943,-0.002677038,0.006831979,-0.017464325,0.037311588,-0.019616561,0.011883777,-0.028218591,-0.002182016,0.018197007,-0.008962348,-0.012595286,0.01872388,-0.003265594,0.006794567,-0.013711002,-0.003961388,0.062684722,-0.013321492,0.006800696,0.009938382,0.013075752,-0.001530337,0.020373522,-0.004404879,-0.010846721,0.009585249,-0.019694261